Year,Group,Value
2015,average cost per student.UAH,27890.0
2016,average cost per student.UAH,29606.9
2017,average cost per student.UAH,33577.4
2018,average cost per student.UAH,40724.7
2019,average cost per student.UAH,52482.7
2020,average cost per student.UAH,
2015,average cost per graduate student trained on-the-job. UAH,15167.0
2016,average cost per graduate student trained on-the-job. UAH,16251.8
2017,average cost per graduate student trained on-the-job. UAH,18055.8
2018,average cost per graduate student trained on-the-job. UAH,30802.2
2019,average cost per graduate student trained on-the-job. UAH,34109.3
2020,average cost per graduate student trained on-the-job. UAH,
2015,average cost per full-time graduate student. UAH,39284.2
2016,average cost per full-time graduate student. UAH,42207.6
2017,average cost per full-time graduate student. UAH,51785.7
2018,average cost per full-time graduate student. UAH,72244.4
2019,average cost per full-time graduate student. UAH,95359.8
2020,average cost per full-time graduate student. UAH,
2015,average cost per doctoral student. UAH,52445.5
2016,average cost per doctoral student. UAH,60872.5
2017,average cost per doctoral student. UAH,71168.2
2018,average cost per doctoral student. UAH,121555.7
2019,average cost per doctoral student. UAH,135695.1
2020,average cost per full-time graduate student. UAH,
